--
-- PostgreSQL database dump
--

\restrict hdqBfsansacnQV3fEyNTeti25kKz08bGelcLWO8HJpLssAOZNbZ2QitKEMJOOTU

-- Dumped from database version 15.17 (Debian 15.17-1.pgdg13+1)
-- Dumped by pg_dump version 15.17 (Debian 15.17-1.pgdg13+1)

SET statement_timeout = 0;
SET lock_timeout = 0;
SET idle_in_transaction_session_timeout = 0;
SET client_encoding = 'UTF8';
SET standard_conforming_strings = on;
SELECT pg_catalog.set_config('search_path', '', false);
SET check_function_bodies = false;
SET xmloption = content;
SET client_min_messages = warning;
SET row_security = off;

SET default_tablespace = '';

SET default_table_access_method = heap;

--
-- Name: categoria_produto; Type: TABLE; Schema: public; Owner: postgres
--

CREATE TABLE public.categoria_produto (
    id_categoria bigint NOT NULL,
    ativa boolean,
    nome_categoria character varying(255),
    id_restaurante integer NOT NULL
);


ALTER TABLE public.categoria_produto OWNER TO postgres;

--
-- Name: categoria_produto_id_categoria_seq; Type: SEQUENCE; Schema: public; Owner: postgres
--

ALTER TABLE public.categoria_produto ALTER COLUMN id_categoria ADD GENERATED BY DEFAULT AS IDENTITY (
    SEQUENCE NAME public.categoria_produto_id_categoria_seq
    START WITH 1
    INCREMENT BY 1
    NO MINVALUE
    NO MAXVALUE
    CACHE 1
);


--
-- Name: comandas; Type: TABLE; Schema: public; Owner: postgres
--

CREATE TABLE public.comandas (
    id_comanda bigint NOT NULL,
    data_abertura timestamp(6) without time zone,
    data_fechamento timestamp(6) without time zone,
    nome_cliente character varying(255),
    status character varying(255),
    valor_comanda numeric(38,2) NOT NULL,
    id_mesa bigint NOT NULL,
    id_restaurante integer NOT NULL,
    CONSTRAINT comandas_status_check CHECK (((status)::text = ANY (ARRAY[('ABERTA'::character varying)::text, ('FINALIZADA'::character varying)::text])))
);


ALTER TABLE public.comandas OWNER TO postgres;

--
-- Name: comandas_id_comanda_seq; Type: SEQUENCE; Schema: public; Owner: postgres
--

ALTER TABLE public.comandas ALTER COLUMN id_comanda ADD GENERATED BY DEFAULT AS IDENTITY (
    SEQUENCE NAME public.comandas_id_comanda_seq
    START WITH 1
    INCREMENT BY 1
    NO MINVALUE
    NO MAXVALUE
    CACHE 1
);


--
-- Name: itens_pedido; Type: TABLE; Schema: public; Owner: postgres
--

CREATE TABLE public.itens_pedido (
    id_item_pedido bigint NOT NULL,
    obs_item_pedido character varying(255),
    preco_unitario numeric(38,2) NOT NULL,
    quantidade integer NOT NULL,
    status_item character varying(255),
    subtotal numeric(38,2),
    pedido_id bigint NOT NULL,
    produto_id bigint NOT NULL,
    data_criacao timestamp(6) without time zone,
    data_entrega timestamp(6) without time zone,
    data_preparo timestamp(6) without time zone,
    data_pronto timestamp(6) without time zone,
    CONSTRAINT itens_pedido_status_item_check CHECK (((status_item)::text = ANY (ARRAY[('ENVIADO'::character varying)::text, ('EM_PREPARO'::character varying)::text, ('PRONTO'::character varying)::text, ('ENTREGUE'::character varying)::text])))
);


ALTER TABLE public.itens_pedido OWNER TO postgres;

--
-- Name: itens_pedido_id_item_pedido_seq; Type: SEQUENCE; Schema: public; Owner: postgres
--

ALTER TABLE public.itens_pedido ALTER COLUMN id_item_pedido ADD GENERATED BY DEFAULT AS IDENTITY (
    SEQUENCE NAME public.itens_pedido_id_item_pedido_seq
    START WITH 1
    INCREMENT BY 1
    NO MINVALUE
    NO MAXVALUE
    CACHE 1
);


--
-- Name: mesas; Type: TABLE; Schema: public; Owner: postgres
--

CREATE TABLE public.mesas (
    id_mesa bigint NOT NULL,
    capacidade_mesa smallint,
    numero_mesa smallint,
    posicao_x integer,
    posicao_y integer,
    status character varying(255),
    id_restaurante integer NOT NULL,
    CONSTRAINT mesas_status_check CHECK (((status)::text = ANY (ARRAY[('DISPONIVEL'::character varying)::text, ('OCUPADA'::character varying)::text])))
);


ALTER TABLE public.mesas OWNER TO postgres;

--
-- Name: mesas_id_mesa_seq; Type: SEQUENCE; Schema: public; Owner: postgres
--

ALTER TABLE public.mesas ALTER COLUMN id_mesa ADD GENERATED BY DEFAULT AS IDENTITY (
    SEQUENCE NAME public.mesas_id_mesa_seq
    START WITH 1
    INCREMENT BY 1
    NO MINVALUE
    NO MAXVALUE
    CACHE 1
);


--
-- Name: pedidos; Type: TABLE; Schema: public; Owner: postgres
--

CREATE TABLE public.pedidos (
    id_pedido bigint NOT NULL,
    data_criacao timestamp(6) without time zone,
    data_entrega timestamp(6) without time zone,
    data_preparo timestamp(6) without time zone,
    data_pronto timestamp(6) without time zone,
    data_referencia date,
    numero_dia integer,
    status character varying(255),
    valor_pedido numeric(38,2) NOT NULL,
    id_comanda bigint NOT NULL,
    id_usuario bigint NOT NULL,
    id_restaurante integer NOT NULL,
    CONSTRAINT pedidos_status_check CHECK (((status)::text = ANY (ARRAY[('ENVIADO'::character varying)::text, ('ENTREGUE'::character varying)::text])))
);


ALTER TABLE public.pedidos OWNER TO postgres;

--
-- Name: pedidos_id_pedido_seq; Type: SEQUENCE; Schema: public; Owner: postgres
--

ALTER TABLE public.pedidos ALTER COLUMN id_pedido ADD GENERATED BY DEFAULT AS IDENTITY (
    SEQUENCE NAME public.pedidos_id_pedido_seq
    START WITH 1
    INCREMENT BY 1
    NO MINVALUE
    NO MAXVALUE
    CACHE 1
);


--
-- Name: produtos; Type: TABLE; Schema: public; Owner: postgres
--

CREATE TABLE public.produtos (
    id_produto bigint NOT NULL,
    ativo boolean,
    descricao_produto character varying(255),
    imagem_produto character varying(255),
    nome_produto character varying(255),
    preco_produto numeric(38,2),
    id_categoria bigint,
    id_restaurante integer NOT NULL
);


ALTER TABLE public.produtos OWNER TO postgres;

--
-- Name: produtos_id_produto_seq; Type: SEQUENCE; Schema: public; Owner: postgres
--

ALTER TABLE public.produtos ALTER COLUMN id_produto ADD GENERATED BY DEFAULT AS IDENTITY (
    SEQUENCE NAME public.produtos_id_produto_seq
    START WITH 1
    INCREMENT BY 1
    NO MINVALUE
    NO MAXVALUE
    CACHE 1
);


--
-- Name: restaurante; Type: TABLE; Schema: public; Owner: postgres
--

CREATE TABLE public.restaurante (
    id_restaurante integer NOT NULL,
    ativo boolean,
    cnae character varying(7),
    cnpj character varying(14) NOT NULL,
    data_criacao timestamp(6) without time zone,
    cnae_descricao character varying(180),
    nome_restaurante character varying(100),
    razao_social character varying(100),
    status character varying(255),
    telefone_restaurante character varying(14),
    CONSTRAINT restaurante_status_check CHECK (((status)::text = ANY (ARRAY[('PENDENTE'::character varying)::text, ('APROVADO'::character varying)::text, ('RECUSADO'::character varying)::text])))
);


ALTER TABLE public.restaurante OWNER TO postgres;

--
-- Name: restaurante_id_restaurante_seq; Type: SEQUENCE; Schema: public; Owner: postgres
--

ALTER TABLE public.restaurante ALTER COLUMN id_restaurante ADD GENERATED BY DEFAULT AS IDENTITY (
    SEQUENCE NAME public.restaurante_id_restaurante_seq
    START WITH 1
    INCREMENT BY 1
    NO MINVALUE
    NO MAXVALUE
    CACHE 1
);


--
-- Name: usuarios; Type: TABLE; Schema: public; Owner: postgres
--

CREATE TABLE public.usuarios (
    id_usuario bigint NOT NULL,
    ativo boolean NOT NULL,
    data_criacao timestamp(6) without time zone,
    email_usuario character varying(255) NOT NULL,
    nome_usuario character varying(80) NOT NULL,
    perfil_usuario character varying(20) NOT NULL,
    senha_usuario character varying(255) NOT NULL,
    trocar_senha boolean,
    id_restaurante integer NOT NULL,
    CONSTRAINT usuarios_perfil_usuario_check CHECK (((perfil_usuario)::text = ANY (ARRAY[('ADMIN_GERAL'::character varying)::text, ('ADMIN'::character varying)::text, ('GARCOM'::character varying)::text, ('COZINHA'::character varying)::text])))
);


ALTER TABLE public.usuarios OWNER TO postgres;

--
-- Name: usuarios_id_usuario_seq; Type: SEQUENCE; Schema: public; Owner: postgres
--

ALTER TABLE public.usuarios ALTER COLUMN id_usuario ADD GENERATED BY DEFAULT AS IDENTITY (
    SEQUENCE NAME public.usuarios_id_usuario_seq
    START WITH 1
    INCREMENT BY 1
    NO MINVALUE
    NO MAXVALUE
    CACHE 1
);


--
-- Data for Name: categoria_produto; Type: TABLE DATA; Schema: public; Owner: postgres
--

COPY public.categoria_produto (id_categoria, ativa, nome_categoria, id_restaurante) FROM stdin;
1	\N	Bebidas	1
2	\N	Sobremesas	1
3	\N	Pratos principais	1
4	t	Bebidas	6
5	t	Sobremesas	6
6	t	Pratos principais	6
\.


--
-- Data for Name: comandas; Type: TABLE DATA; Schema: public; Owner: postgres
--

COPY public.comandas (id_comanda, data_abertura, data_fechamento, nome_cliente, status, valor_comanda, id_mesa, id_restaurante) FROM stdin;
3	2026-03-04 15:31:58.903054	2026-03-06 17:28:47.441918	Kami	ABERTA	138.00	4	1
2	2026-02-27 14:43:26.465775	2026-03-07 21:07:37.307221	Cliente	FINALIZADA	0.00	2	1
4	2026-03-04 17:38:29.479421	2026-03-07 21:14:00.430581	Teste Troca	FINALIZADA	46.00	2	1
6	2026-03-08 13:34:32.61644	2026-03-08 13:36:10.799938	Miguel	FINALIZADA	16.00	3	1
7	2026-03-08 18:04:13.564726	\N	Kamilly	ABERTA	7.99	6	6
8	2026-03-08 18:04:29.177959	\N	Benjamim	ABERTA	15.98	6	6
5	2026-03-06 14:48:25.408665	2026-03-08 18:10:29.163272	Comanda	FINALIZADA	124.00	1	1
1	2026-02-27 14:39:52.071905	2026-03-08 20:41:10.911558	Teste	FINALIZADA	0.00	5	1
9	2026-03-08 20:41:37.768524	\N	Vinicius	ABERTA	77.20	2	1
10	2026-03-08 20:42:00.991605	\N	Miguel	ABERTA	28.00	3	1
\.


--
-- Data for Name: itens_pedido; Type: TABLE DATA; Schema: public; Owner: postgres
--

COPY public.itens_pedido (id_item_pedido, obs_item_pedido, preco_unitario, quantidade, status_item, subtotal, pedido_id, produto_id, data_criacao, data_entrega, data_preparo, data_pronto) FROM stdin;
11	\N	30.00	1	ENVIADO	30.00	8	2	\N	\N	\N	\N
12	\N	16.00	1	ENVIADO	16.00	8	1	\N	\N	\N	\N
4	sem bacon	30.00	2	ENTREGUE	60.00	3	2	\N	\N	\N	\N
2	\N	16.00	1	ENTREGUE	16.00	1	1	\N	\N	\N	\N
1	sem bacon	30.00	1	ENTREGUE	30.00	1	2	\N	\N	\N	\N
6	\N	16.00	1	ENTREGUE	16.00	4	1	\N	\N	\N	\N
5	\N	30.00	1	ENTREGUE	30.00	4	2	\N	\N	\N	\N
10	\N	16.00	2	ENTREGUE	32.00	7	1	\N	\N	\N	\N
13	\N	16.00	4	ENTREGUE	64.00	9	1	2026-03-06 14:48:39.631845	2026-03-06 14:52:11.830865	2026-03-06 14:52:11.830865	2026-03-06 14:52:11.830865
14	\N	30.00	2	ENTREGUE	60.00	10	2	2026-03-06 14:48:46.474416	2026-03-06 14:58:45.00436	2026-03-06 14:51:11.544485	2026-03-06 14:51:11.544485
3	\N	16.00	2	ENTREGUE	32.00	2	1	\N	2026-03-06 17:28:05.524687	\N	\N
7	\N	16.00	1	ENTREGUE	16.00	5	1	\N	2026-03-06 17:28:10.079738	\N	\N
15	\N	30.00	2	ENVIADO	60.00	11	2	2026-03-06 17:28:47.439243	\N	\N	\N
16	\N	16.00	1	ENTREGUE	16.00	12	1	2026-03-08 13:34:50.466074	2026-03-08 13:35:41.048001	2026-03-08 13:35:21.438721	2026-03-08 13:35:22.827719
17	\N	7.99	1	ENVIADO	7.99	13	3	2026-03-08 18:04:39.203876	\N	\N	\N
18	\N	7.99	2	ENVIADO	15.98	14	3	2026-03-08 18:05:07.356032	\N	\N	\N
19	\N	17.50	1	ENVIADO	17.50	15	4	2026-03-08 20:41:53.306688	\N	\N	\N
20	\N	32.90	1	ENVIADO	32.90	15	6	2026-03-08 20:41:53.318461	\N	\N	\N
21	\N	26.80	1	ENVIADO	26.80	15	7	2026-03-08 20:41:53.328668	\N	\N	\N
22	\N	16.00	1	ENVIADO	16.00	16	1	2026-03-08 20:42:16.111585	\N	\N	\N
23	\N	12.00	1	ENVIADO	12.00	16	5	2026-03-08 20:42:16.123073	\N	\N	\N
9	\N	16.00	1	ENTREGUE	16.00	6	1	\N	2026-03-08 20:44:53.585301	\N	2026-03-08 18:08:16.757269
8	\N	30.00	1	ENTREGUE	30.00	6	2	\N	2026-03-08 20:44:57.171221	2026-03-08 18:06:11.741358	2026-03-08 18:06:21.778736
\.


--
-- Data for Name: mesas; Type: TABLE DATA; Schema: public; Owner: postgres
--

COPY public.mesas (id_mesa, capacidade_mesa, numero_mesa, posicao_x, posicao_y, status, id_restaurante) FROM stdin;
4	6	4	0	0	OCUPADA	1
7	2	2	0	0	DISPONIVEL	6
8	2	3	0	0	DISPONIVEL	6
6	4	1	0	0	OCUPADA	6
1	2	1	0	0	DISPONIVEL	1
9	6	6	0	0	DISPONIVEL	1
5	2	5	0	0	DISPONIVEL	1
2	4	2	0	0	OCUPADA	1
3	4	3	0	0	OCUPADA	1
\.


--
-- Data for Name: pedidos; Type: TABLE DATA; Schema: public; Owner: postgres
--

COPY public.pedidos (id_pedido, data_criacao, data_entrega, data_preparo, data_pronto, data_referencia, numero_dia, status, valor_pedido, id_comanda, id_usuario, id_restaurante) FROM stdin;
8	2026-03-04 17:45:23.905843	2026-03-04 17:45:23.971036	2026-03-04 17:45:23.971036	2026-03-04 17:45:23.971036	2026-03-04	5	ENVIADO	46.00	4	3	1
3	2026-02-27 16:02:57.188052	2026-03-06 14:35:59.686152	2026-03-06 14:35:59.686152	2026-03-06 14:35:59.686152	2026-02-27	3	ENTREGUE	0.00	2	3	1
1	2026-02-27 14:40:23.62746	2026-03-06 14:36:23.524018	2026-03-06 14:36:23.524018	2026-03-06 14:36:23.524018	2026-02-27	1	ENTREGUE	0.00	1	3	1
4	2026-03-04 14:05:51.286864	2026-03-06 14:38:23.423819	2026-03-06 14:38:23.423819	2026-03-06 14:38:23.423819	2026-03-04	1	ENTREGUE	0.00	1	3	1
7	2026-03-04 15:41:31.041425	2026-03-06 14:44:55.930217	2026-03-06 14:44:55.930217	2026-03-06 14:44:55.930217	2026-03-04	4	ENTREGUE	32.00	3	3	1
9	2026-03-06 14:48:39.61624	2026-03-06 14:52:11.851147	2026-03-06 14:52:11.851147	2026-03-06 14:52:11.851147	2026-03-06	1	ENTREGUE	64.00	5	3	1
10	2026-03-06 14:48:46.462211	2026-03-06 14:58:45.072776	2026-03-06 14:58:45.072776	2026-03-06 14:58:45.072776	2026-03-06	2	ENTREGUE	60.00	5	3	1
2	2026-02-27 16:02:40.030103	2026-03-06 17:28:05.590562	2026-03-06 17:28:05.590562	2026-03-06 17:28:05.590562	2026-02-27	2	ENTREGUE	0.00	1	3	1
5	2026-03-04 14:13:37.388899	2026-03-06 17:28:10.103138	2026-03-06 17:28:10.103138	2026-03-06 17:28:10.103663	2026-03-04	2	ENTREGUE	0.00	1	3	1
11	2026-03-06 17:28:47.413133	2026-03-06 17:28:47.443478	2026-03-06 17:28:47.443478	2026-03-06 17:28:47.443478	2026-03-06	3	ENVIADO	60.00	3	3	1
12	2026-03-08 13:34:50.450091	2026-03-08 13:35:41.069295	2026-03-08 13:35:41.069809	2026-03-08 13:35:41.069809	2026-03-08	1	ENTREGUE	16.00	6	3	1
13	2026-03-08 18:04:39.188124	2026-03-08 18:04:39.208524	2026-03-08 18:04:39.208524	2026-03-08 18:04:39.208524	2026-03-08	2	ENVIADO	7.99	7	9	6
14	2026-03-08 18:05:07.344641	2026-03-08 18:05:07.358618	2026-03-08 18:05:07.358618	2026-03-08 18:05:07.358618	2026-03-08	3	ENVIADO	15.98	8	9	6
15	2026-03-08 20:41:53.293625	2026-03-08 20:41:53.331255	2026-03-08 20:41:53.331255	2026-03-08 20:41:53.331255	2026-03-08	4	ENVIADO	77.20	9	3	1
16	2026-03-08 20:42:16.102703	2026-03-08 20:42:16.125161	2026-03-08 20:42:16.125161	2026-03-08 20:42:16.125161	2026-03-08	5	ENVIADO	28.00	10	3	1
6	2026-03-04 15:40:51.985015	2026-03-08 20:44:57.194473	2026-03-08 20:44:57.194473	2026-03-08 20:44:57.194473	2026-03-04	3	ENTREGUE	46.00	3	3	1
\.


--
-- Data for Name: produtos; Type: TABLE DATA; Schema: public; Owner: postgres
--

COPY public.produtos (id_produto, ativo, descricao_produto, imagem_produto, nome_produto, preco_produto, id_categoria, id_restaurante) FROM stdin;
1	t	Jarra de 1 litro	/uploads/27ab494f-d597-40eb-9212-4a90db2f314a.jpg	Suco de laranja natural	16.00	1	1
2	t	Macarrão	/uploads/349659f9-5b41-4f43-8b45-1059693befd7.jpg	Macarrão Carbonara	30.00	3	1
3	t	Garrafa de 600ml	/uploads/202b794e-58cf-4539-b76d-6cf88ba4cb09.png	Coca-cola 600ml	7.99	4	6
4	t	Jarra de 1 litro	/uploads/194a2f07-4c8b-4221-910d-5f97dc4e5b19.jpg	Suco de morango	17.50	1	1
5	t	Fatia de pudim de leite	/uploads/bbebf543-4a50-472b-9ed2-59eba865bde3.jfif	Pudim	12.00	2	1
6	t	Prato com bife acebolado, arroz e batata frita	/uploads/8e900fed-416c-4cdb-a54c-ea5e32c70666.jfif	Bife acebolado e fritas	32.90	3	1
7	t	Tiramisù na taça	/uploads/91c90878-76d9-4406-8bd2-0944bd017776.jfif	Tiramisù	26.80	2	1
\.


--
-- Data for Name: restaurante; Type: TABLE DATA; Schema: public; Owner: postgres
--

COPY public.restaurante (id_restaurante, ativo, cnae, cnpj, data_criacao, cnae_descricao, nome_restaurante, razao_social, status, telefone_restaurante) FROM stdin;
1	t	6203100	82454265000124	2026-02-27 14:27:51.816806	Desenvolvimento e licenciamento de programas de computador não-customizáveis	RP INFO SISTEMAS	RP INFO SISTEMAS LTDA.	APROVADO	41999999999
2	t	6203100	11461915351509	\N	Desenvolvimento e licenciamento de programas de computador não-customizáveis	MESON	MESON SLU	APROVADO	41995937553
6	t	5611201	79539920000132	2026-03-08 17:50:32.126523	Restaurantes e similares	GALPAO VENTANIA CARNES ASSADAS	RESTAURANTE GALPAO VENTANIA LTDA	APROVADO	4132321799
5	f	8599699	03541088000147	2026-02-27 17:01:10.252097	Outras atividades de ensino não especificadas anteriormente	ADMINISTRACAO REGIONAL SENAC/PR	SERVICO NACIONAL DE APRENDIZAGEM COMERCIAL	RECUSADO	4132194700
\.


--
-- Data for Name: usuarios; Type: TABLE DATA; Schema: public; Owner: postgres
--

COPY public.usuarios (id_usuario, ativo, data_criacao, email_usuario, nome_usuario, perfil_usuario, senha_usuario, trocar_senha, id_restaurante) FROM stdin;
2	t	\N	rp@gmail.com	adm rp	ADMIN	$2a$12$HBv7.9CZ/tbOTgqubXrg8eoKm0dM2w/y6aTVaJcelkk5DoETdsvfu	f	1
3	t	2026-02-27 14:37:54.35557	garcom@gmail.com	Garçom	GARCOM	$2a$12$HBv7.9CZ/tbOTgqubXrg8eoKm0dM2w/y6aTVaJcelkk5DoETdsvfu	f	1
4	t	2026-02-27 14:53:32.076204	cozinha@gmail.com	Cozinha	COZINHA	$2a$12$HBv7.9CZ/tbOTgqubXrg8eoKm0dM2w/y6aTVaJcelkk5DoETdsvfu	f	1
5	t	\N	meson@gmail.com	Adm Meson	ADMIN_GERAL	$2a$12$DWFcIJGGCzrErs0OaBI0uOLy0voHGzm4J0bQ5xrJt9zARDbXjFeKG	f	2
7	t	2026-02-27 17:01:10.29697	senac@gmail.com	adm Senac	ADMIN	$2a$10$yqBpa.NsWRLJCSpWaVLg8uDAiOV4k4DbRtxAGMa2ID2bGkaA9z.8y	f	5
8	t	2026-03-08 17:50:32.17412	galpaoventania@gmail.com	Galpão Ventania	ADMIN	$2a$10$eiz8xXBYbf6o/D1ut3aRxOTligTHVZ4Ppkt8ldUOhRbJtjXqz9K0G	f	6
9	t	2026-03-08 18:02:01.442048	vini@gmail.com	Vinicius	GARCOM	$2a$10$FJKKczMLCkddWhUcfQb26ORTheUaz9pGqOs1hCe/V8ufe3YngMBSm	f	6
\.


--
-- Name: categoria_produto_id_categoria_seq; Type: SEQUENCE SET; Schema: public; Owner: postgres
--

SELECT pg_catalog.setval('public.categoria_produto_id_categoria_seq', 6, true);


--
-- Name: comandas_id_comanda_seq; Type: SEQUENCE SET; Schema: public; Owner: postgres
--

SELECT pg_catalog.setval('public.comandas_id_comanda_seq', 10, true);


--
-- Name: itens_pedido_id_item_pedido_seq; Type: SEQUENCE SET; Schema: public; Owner: postgres
--

SELECT pg_catalog.setval('public.itens_pedido_id_item_pedido_seq', 23, true);


--
-- Name: mesas_id_mesa_seq; Type: SEQUENCE SET; Schema: public; Owner: postgres
--

SELECT pg_catalog.setval('public.mesas_id_mesa_seq', 9, true);


--
-- Name: pedidos_id_pedido_seq; Type: SEQUENCE SET; Schema: public; Owner: postgres
--

SELECT pg_catalog.setval('public.pedidos_id_pedido_seq', 16, true);


--
-- Name: produtos_id_produto_seq; Type: SEQUENCE SET; Schema: public; Owner: postgres
--

SELECT pg_catalog.setval('public.produtos_id_produto_seq', 7, true);


--
-- Name: restaurante_id_restaurante_seq; Type: SEQUENCE SET; Schema: public; Owner: postgres
--

SELECT pg_catalog.setval('public.restaurante_id_restaurante_seq', 6, true);


--
-- Name: usuarios_id_usuario_seq; Type: SEQUENCE SET; Schema: public; Owner: postgres
--

SELECT pg_catalog.setval('public.usuarios_id_usuario_seq', 10, true);


--
-- Name: categoria_produto categoria_produto_pkey; Type: CONSTRAINT; Schema: public; Owner: postgres
--

ALTER TABLE ONLY public.categoria_produto
    ADD CONSTRAINT categoria_produto_pkey PRIMARY KEY (id_categoria);


--
-- Name: comandas comandas_pkey; Type: CONSTRAINT; Schema: public; Owner: postgres
--

ALTER TABLE ONLY public.comandas
    ADD CONSTRAINT comandas_pkey PRIMARY KEY (id_comanda);


--
-- Name: itens_pedido itens_pedido_pkey; Type: CONSTRAINT; Schema: public; Owner: postgres
--

ALTER TABLE ONLY public.itens_pedido
    ADD CONSTRAINT itens_pedido_pkey PRIMARY KEY (id_item_pedido);


--
-- Name: mesas mesas_pkey; Type: CONSTRAINT; Schema: public; Owner: postgres
--

ALTER TABLE ONLY public.mesas
    ADD CONSTRAINT mesas_pkey PRIMARY KEY (id_mesa);


--
-- Name: pedidos pedidos_pkey; Type: CONSTRAINT; Schema: public; Owner: postgres
--

ALTER TABLE ONLY public.pedidos
    ADD CONSTRAINT pedidos_pkey PRIMARY KEY (id_pedido);


--
-- Name: produtos produtos_pkey; Type: CONSTRAINT; Schema: public; Owner: postgres
--

ALTER TABLE ONLY public.produtos
    ADD CONSTRAINT produtos_pkey PRIMARY KEY (id_produto);


--
-- Name: restaurante restaurante_pkey; Type: CONSTRAINT; Schema: public; Owner: postgres
--

ALTER TABLE ONLY public.restaurante
    ADD CONSTRAINT restaurante_pkey PRIMARY KEY (id_restaurante);


--
-- Name: restaurante uk6541lrwirgrv2uykx87fc4saa; Type: CONSTRAINT; Schema: public; Owner: postgres
--

ALTER TABLE ONLY public.restaurante
    ADD CONSTRAINT uk6541lrwirgrv2uykx87fc4saa UNIQUE (cnpj);


--
-- Name: categoria_produto uk_categria_restaurante_nome; Type: CONSTRAINT; Schema: public; Owner: postgres
--

ALTER TABLE ONLY public.categoria_produto
    ADD CONSTRAINT uk_categria_restaurante_nome UNIQUE (id_restaurante, nome_categoria);


--
-- Name: mesas uk_mesas_restaurante_numero; Type: CONSTRAINT; Schema: public; Owner: postgres
--

ALTER TABLE ONLY public.mesas
    ADD CONSTRAINT uk_mesas_restaurante_numero UNIQUE (id_restaurante, numero_mesa);


--
-- Name: produtos uk_produto_restaurante_nome; Type: CONSTRAINT; Schema: public; Owner: postgres
--

ALTER TABLE ONLY public.produtos
    ADD CONSTRAINT uk_produto_restaurante_nome UNIQUE (id_restaurante, nome_produto);


--
-- Name: usuarios ukbdp41y8e8un0nsxowhgsl783s; Type: CONSTRAINT; Schema: public; Owner: postgres
--

ALTER TABLE ONLY public.usuarios
    ADD CONSTRAINT ukbdp41y8e8un0nsxowhgsl783s UNIQUE (email_usuario);


--
-- Name: usuarios usuarios_pkey; Type: CONSTRAINT; Schema: public; Owner: postgres
--

ALTER TABLE ONLY public.usuarios
    ADD CONSTRAINT usuarios_pkey PRIMARY KEY (id_usuario);


--
-- Name: itens_pedido fk42mycompce3b7yt3l6ukdwsxy; Type: FK CONSTRAINT; Schema: public; Owner: postgres
--

ALTER TABLE ONLY public.itens_pedido
    ADD CONSTRAINT fk42mycompce3b7yt3l6ukdwsxy FOREIGN KEY (pedido_id) REFERENCES public.pedidos(id_pedido);


--
-- Name: pedidos fk4a0lfwlpmytywxpwjfa1a3ar2; Type: FK CONSTRAINT; Schema: public; Owner: postgres
--

ALTER TABLE ONLY public.pedidos
    ADD CONSTRAINT fk4a0lfwlpmytywxpwjfa1a3ar2 FOREIGN KEY (id_usuario) REFERENCES public.usuarios(id_usuario);


--
-- Name: comandas fk81tcu9s82rl5embt43pocov30; Type: FK CONSTRAINT; Schema: public; Owner: postgres
--

ALTER TABLE ONLY public.comandas
    ADD CONSTRAINT fk81tcu9s82rl5embt43pocov30 FOREIGN KEY (id_restaurante) REFERENCES public.restaurante(id_restaurante);


--
-- Name: pedidos fkcceuxo7bdug0l5shga792wfwf; Type: FK CONSTRAINT; Schema: public; Owner: postgres
--

ALTER TABLE ONLY public.pedidos
    ADD CONSTRAINT fkcceuxo7bdug0l5shga792wfwf FOREIGN KEY (id_comanda) REFERENCES public.comandas(id_comanda);


--
-- Name: produtos fke570so7btdpnksf5j4h1t57e9; Type: FK CONSTRAINT; Schema: public; Owner: postgres
--

ALTER TABLE ONLY public.produtos
    ADD CONSTRAINT fke570so7btdpnksf5j4h1t57e9 FOREIGN KEY (id_categoria) REFERENCES public.categoria_produto(id_categoria);


--
-- Name: comandas fkfb1bdspwt6946diqct0sq7dq; Type: FK CONSTRAINT; Schema: public; Owner: postgres
--

ALTER TABLE ONLY public.comandas
    ADD CONSTRAINT fkfb1bdspwt6946diqct0sq7dq FOREIGN KEY (id_mesa) REFERENCES public.mesas(id_mesa);


--
-- Name: pedidos fkh6uenlhg4m878v2dnsg55f0jx; Type: FK CONSTRAINT; Schema: public; Owner: postgres
--

ALTER TABLE ONLY public.pedidos
    ADD CONSTRAINT fkh6uenlhg4m878v2dnsg55f0jx FOREIGN KEY (id_restaurante) REFERENCES public.restaurante(id_restaurante);


--
-- Name: mesas fkkr0o6ieds12sis42d7rybv3xf; Type: FK CONSTRAINT; Schema: public; Owner: postgres
--

ALTER TABLE ONLY public.mesas
    ADD CONSTRAINT fkkr0o6ieds12sis42d7rybv3xf FOREIGN KEY (id_restaurante) REFERENCES public.restaurante(id_restaurante);


--
-- Name: categoria_produto fknpnnxdwc25yl71ts324r2s6tr; Type: FK CONSTRAINT; Schema: public; Owner: postgres
--

ALTER TABLE ONLY public.categoria_produto
    ADD CONSTRAINT fknpnnxdwc25yl71ts324r2s6tr FOREIGN KEY (id_restaurante) REFERENCES public.restaurante(id_restaurante);


--
-- Name: usuarios fkqyl9efnyfr70kolo99le7sdqk; Type: FK CONSTRAINT; Schema: public; Owner: postgres
--

ALTER TABLE ONLY public.usuarios
    ADD CONSTRAINT fkqyl9efnyfr70kolo99le7sdqk FOREIGN KEY (id_restaurante) REFERENCES public.restaurante(id_restaurante);


--
-- Name: produtos fkrjjoexycg8yhpkfhyopdiu89q; Type: FK CONSTRAINT; Schema: public; Owner: postgres
--

ALTER TABLE ONLY public.produtos
    ADD CONSTRAINT fkrjjoexycg8yhpkfhyopdiu89q FOREIGN KEY (id_restaurante) REFERENCES public.restaurante(id_restaurante);


--
-- Name: itens_pedido fkxytdlekpdaobqphujy9bmuhl; Type: FK CONSTRAINT; Schema: public; Owner: postgres
--

ALTER TABLE ONLY public.itens_pedido
    ADD CONSTRAINT fkxytdlekpdaobqphujy9bmuhl FOREIGN KEY (produto_id) REFERENCES public.produtos(id_produto);


--
-- PostgreSQL database dump complete
--

\unrestrict hdqBfsansacnQV3fEyNTeti25kKz08bGelcLWO8HJpLssAOZNbZ2QitKEMJOOTU

