--
-- PostgreSQL database dump
--

\restrict dflnzApEoCHbzEoO6V4z0IoOw3TxFMRPOAykMIz2dya9Dwf2vUQam1fNCIRGwpR

-- Dumped from database version 15.17 (Debian 15.17-1.pgdg13+1)
-- Dumped by pg_dump version 15.17 (Debian 15.17-1.pgdg13+1)

SET statement_timeout = 0;
SET lock_timeout = 0;
SET idle_in_transaction_session_timeout = 0;
SET client_encoding = 'UTF8';
SET standard_conforming_strings = on;
SELECT pg_catalog.set_config('search_path', '', false);
SET check_function_bodies = false;
SET xmloption = content;
SET client_min_messages = warning;
SET row_security = off;

SET default_tablespace = '';

SET default_table_access_method = heap;

--
-- Name: categoria_produto; Type: TABLE; Schema: public; Owner: postgres
--

CREATE TABLE public.categoria_produto (
    id_categoria bigint NOT NULL,
    ativa boolean,
    nome_categoria character varying(255),
    id_restaurante integer NOT NULL
);


ALTER TABLE public.categoria_produto OWNER TO postgres;

--
-- Name: categoria_produto_id_categoria_seq; Type: SEQUENCE; Schema: public; Owner: postgres
--

ALTER TABLE public.categoria_produto ALTER COLUMN id_categoria ADD GENERATED BY DEFAULT AS IDENTITY (
    SEQUENCE NAME public.categoria_produto_id_categoria_seq
    START WITH 1
    INCREMENT BY 1
    NO MINVALUE
    NO MAXVALUE
    CACHE 1
);


--
-- Name: comandas; Type: TABLE; Schema: public; Owner: postgres
--

CREATE TABLE public.comandas (
    id_comanda bigint NOT NULL,
    data_abertura timestamp(6) without time zone,
    data_fechamento timestamp(6) without time zone,
    nome_cliente character varying(255),
    status character varying(255),
    valor_comanda numeric(38,2) NOT NULL,
    id_mesa bigint NOT NULL,
    id_restaurante integer NOT NULL,
    CONSTRAINT comandas_status_check CHECK (((status)::text = ANY ((ARRAY['ABERTA'::character varying, 'FINALIZADA'::character varying])::text[])))
);


ALTER TABLE public.comandas OWNER TO postgres;

--
-- Name: comandas_id_comanda_seq; Type: SEQUENCE; Schema: public; Owner: postgres
--

ALTER TABLE public.comandas ALTER COLUMN id_comanda ADD GENERATED BY DEFAULT AS IDENTITY (
    SEQUENCE NAME public.comandas_id_comanda_seq
    START WITH 1
    INCREMENT BY 1
    NO MINVALUE
    NO MAXVALUE
    CACHE 1
);


--
-- Name: itens_pedido; Type: TABLE; Schema: public; Owner: postgres
--

CREATE TABLE public.itens_pedido (
    id_item_pedido bigint NOT NULL,
    obs_item_pedido character varying(255),
    preco_unitario numeric(38,2) NOT NULL,
    quantidade integer NOT NULL,
    status_item character varying(255),
    subtotal numeric(38,2),
    pedido_id bigint NOT NULL,
    produto_id bigint NOT NULL,
    CONSTRAINT itens_pedido_status_item_check CHECK (((status_item)::text = ANY ((ARRAY['ENVIADO'::character varying, 'EM_PREPARO'::character varying, 'PRONTO'::character varying, 'ENTREGUE'::character varying])::text[])))
);


ALTER TABLE public.itens_pedido OWNER TO postgres;

--
-- Name: itens_pedido_id_item_pedido_seq; Type: SEQUENCE; Schema: public; Owner: postgres
--

ALTER TABLE public.itens_pedido ALTER COLUMN id_item_pedido ADD GENERATED BY DEFAULT AS IDENTITY (
    SEQUENCE NAME public.itens_pedido_id_item_pedido_seq
    START WITH 1
    INCREMENT BY 1
    NO MINVALUE
    NO MAXVALUE
    CACHE 1
);


--
-- Name: mesas; Type: TABLE; Schema: public; Owner: postgres
--

CREATE TABLE public.mesas (
    id_mesa bigint NOT NULL,
    capacidade_mesa smallint,
    numero_mesa smallint,
    posicao_x integer,
    posicao_y integer,
    status character varying(255),
    id_restaurante integer NOT NULL,
    CONSTRAINT mesas_status_check CHECK (((status)::text = ANY ((ARRAY['DISPONIVEL'::character varying, 'OCUPADA'::character varying])::text[])))
);


ALTER TABLE public.mesas OWNER TO postgres;

--
-- Name: mesas_id_mesa_seq; Type: SEQUENCE; Schema: public; Owner: postgres
--

ALTER TABLE public.mesas ALTER COLUMN id_mesa ADD GENERATED BY DEFAULT AS IDENTITY (
    SEQUENCE NAME public.mesas_id_mesa_seq
    START WITH 1
    INCREMENT BY 1
    NO MINVALUE
    NO MAXVALUE
    CACHE 1
);


--
-- Name: pedidos; Type: TABLE; Schema: public; Owner: postgres
--

CREATE TABLE public.pedidos (
    id_pedido bigint NOT NULL,
    data_criacao timestamp(6) without time zone,
    data_entrega timestamp(6) without time zone,
    data_preparo timestamp(6) without time zone,
    data_pronto timestamp(6) without time zone,
    data_referencia date,
    numero_dia integer,
    status character varying(255),
    valor_pedido numeric(38,2) NOT NULL,
    id_comanda bigint NOT NULL,
    id_usuario bigint NOT NULL,
    id_restaurante integer NOT NULL,
    CONSTRAINT pedidos_status_check CHECK (((status)::text = ANY ((ARRAY['ENVIADO'::character varying, 'ENTREGUE'::character varying])::text[])))
);


ALTER TABLE public.pedidos OWNER TO postgres;

--
-- Name: pedidos_id_pedido_seq; Type: SEQUENCE; Schema: public; Owner: postgres
--

ALTER TABLE public.pedidos ALTER COLUMN id_pedido ADD GENERATED BY DEFAULT AS IDENTITY (
    SEQUENCE NAME public.pedidos_id_pedido_seq
    START WITH 1
    INCREMENT BY 1
    NO MINVALUE
    NO MAXVALUE
    CACHE 1
);


--
-- Name: produtos; Type: TABLE; Schema: public; Owner: postgres
--

CREATE TABLE public.produtos (
    id_produto bigint NOT NULL,
    ativo boolean,
    descricao_produto character varying(255),
    imagem_produto character varying(255),
    nome_produto character varying(255),
    preco_produto numeric(38,2),
    id_categoria bigint,
    id_restaurante integer NOT NULL
);


ALTER TABLE public.produtos OWNER TO postgres;

--
-- Name: produtos_id_produto_seq; Type: SEQUENCE; Schema: public; Owner: postgres
--

ALTER TABLE public.produtos ALTER COLUMN id_produto ADD GENERATED BY DEFAULT AS IDENTITY (
    SEQUENCE NAME public.produtos_id_produto_seq
    START WITH 1
    INCREMENT BY 1
    NO MINVALUE
    NO MAXVALUE
    CACHE 1
);


--
-- Name: restaurante; Type: TABLE; Schema: public; Owner: postgres
--

CREATE TABLE public.restaurante (
    id_restaurante integer NOT NULL,
    ativo boolean,
    cnae character varying(7),
    cnpj character varying(14) NOT NULL,
    data_criacao timestamp(6) without time zone,
    cnae_descricao character varying(180),
    nome_restaurante character varying(100),
    razao_social character varying(100),
    status character varying(255),
    telefone_restaurante character varying(14),
    CONSTRAINT restaurante_status_check CHECK (((status)::text = ANY ((ARRAY['PENDENTE'::character varying, 'APROVADO'::character varying, 'RECUSADO'::character varying])::text[])))
);


ALTER TABLE public.restaurante OWNER TO postgres;

--
-- Name: restaurante_id_restaurante_seq; Type: SEQUENCE; Schema: public; Owner: postgres
--

ALTER TABLE public.restaurante ALTER COLUMN id_restaurante ADD GENERATED BY DEFAULT AS IDENTITY (
    SEQUENCE NAME public.restaurante_id_restaurante_seq
    START WITH 1
    INCREMENT BY 1
    NO MINVALUE
    NO MAXVALUE
    CACHE 1
);


--
-- Name: usuarios; Type: TABLE; Schema: public; Owner: postgres
--

CREATE TABLE public.usuarios (
    id_usuario bigint NOT NULL,
    ativo boolean NOT NULL,
    data_criacao timestamp(6) without time zone,
    email_usuario character varying(255) NOT NULL,
    nome_usuario character varying(80) NOT NULL,
    perfil_usuario character varying(20) NOT NULL,
    senha_usuario character varying(255) NOT NULL,
    trocar_senha boolean,
    id_restaurante integer NOT NULL,
    CONSTRAINT usuarios_perfil_usuario_check CHECK (((perfil_usuario)::text = ANY ((ARRAY['ADMIN_GERAL'::character varying, 'ADMIN'::character varying, 'GARCOM'::character varying, 'COZINHA'::character varying])::text[])))
);


ALTER TABLE public.usuarios OWNER TO postgres;

--
-- Name: usuarios_id_usuario_seq; Type: SEQUENCE; Schema: public; Owner: postgres
--

ALTER TABLE public.usuarios ALTER COLUMN id_usuario ADD GENERATED BY DEFAULT AS IDENTITY (
    SEQUENCE NAME public.usuarios_id_usuario_seq
    START WITH 1
    INCREMENT BY 1
    NO MINVALUE
    NO MAXVALUE
    CACHE 1
);


--
-- Data for Name: categoria_produto; Type: TABLE DATA; Schema: public; Owner: postgres
--

COPY public.categoria_produto (id_categoria, ativa, nome_categoria, id_restaurante) FROM stdin;
1	\N	Bebidas	1
2	\N	Sobremesas	1
3	\N	Pratos principais	1
\.


--
-- Data for Name: comandas; Type: TABLE DATA; Schema: public; Owner: postgres
--

COPY public.comandas (id_comanda, data_abertura, data_fechamento, nome_cliente, status, valor_comanda, id_mesa, id_restaurante) FROM stdin;
1	2026-02-27 14:39:52.071905	2026-02-27 14:39:52.071905	Teste	ABERTA	0.00	1	1
2	2026-02-27 14:43:26.465775	2026-02-27 14:43:26.465775	Cliente	ABERTA	0.00	2	1
\.


--
-- Data for Name: itens_pedido; Type: TABLE DATA; Schema: public; Owner: postgres
--

COPY public.itens_pedido (id_item_pedido, obs_item_pedido, preco_unitario, quantidade, status_item, subtotal, pedido_id, produto_id) FROM stdin;
1	sem bacon	30.00	1	ENVIADO	30.00	1	2
2	\N	16.00	1	ENVIADO	16.00	1	1
3	\N	16.00	2	ENVIADO	32.00	2	1
4	sem bacon	30.00	2	ENVIADO	60.00	3	2
\.


--
-- Data for Name: mesas; Type: TABLE DATA; Schema: public; Owner: postgres
--

COPY public.mesas (id_mesa, capacidade_mesa, numero_mesa, posicao_x, posicao_y, status, id_restaurante) FROM stdin;
3	4	3	0	0	DISPONIVEL	1
4	6	4	0	0	DISPONIVEL	1
5	2	5	0	0	DISPONIVEL	1
1	2	1	0	0	OCUPADA	1
2	4	2	0	0	OCUPADA	1
\.


--
-- Data for Name: pedidos; Type: TABLE DATA; Schema: public; Owner: postgres
--

COPY public.pedidos (id_pedido, data_criacao, data_entrega, data_preparo, data_pronto, data_referencia, numero_dia, status, valor_pedido, id_comanda, id_usuario, id_restaurante) FROM stdin;
1	2026-02-27 14:40:23.62746	2026-02-27 14:40:23.62746	2026-02-27 14:40:23.62746	2026-02-27 14:40:23.62746	2026-02-27	1	ENVIADO	0.00	1	3	1
2	2026-02-27 16:02:40.030103	2026-02-27 16:02:40.031104	2026-02-27 16:02:40.031104	2026-02-27 16:02:40.031104	2026-02-27	2	ENVIADO	0.00	1	3	1
3	2026-02-27 16:02:57.188052	2026-02-27 16:02:57.188052	2026-02-27 16:02:57.188052	2026-02-27 16:02:57.188052	2026-02-27	3	ENVIADO	0.00	2	3	1
\.


--
-- Data for Name: produtos; Type: TABLE DATA; Schema: public; Owner: postgres
--

COPY public.produtos (id_produto, ativo, descricao_produto, imagem_produto, nome_produto, preco_produto, id_categoria, id_restaurante) FROM stdin;
1	t	Jarra de 1 litro	/uploads/27ab494f-d597-40eb-9212-4a90db2f314a.jpg	Suco de laranja natural	16.00	1	1
2	t	Macarrão	/uploads/349659f9-5b41-4f43-8b45-1059693befd7.jpg	Macarrão Carbonara	30.00	3	1
\.


--
-- Data for Name: restaurante; Type: TABLE DATA; Schema: public; Owner: postgres
--

COPY public.restaurante (id_restaurante, ativo, cnae, cnpj, data_criacao, cnae_descricao, nome_restaurante, razao_social, status, telefone_restaurante) FROM stdin;
1	t	6203100	82454265000124	2026-02-27 14:27:51.816806	Desenvolvimento e licenciamento de programas de computador não-customizáveis	RP INFO SISTEMAS	RP INFO SISTEMAS LTDA.	APROVADO	41999999999
2	t	6203100	11461915351509	\N	Desenvolvimento e licenciamento de programas de computador não-customizáveis	MESON	MESON SLU	APROVADO	41995937553
5	f	8599699	03541088000147	2026-02-27 17:01:10.252097	Outras atividades de ensino não especificadas anteriormente	ADMINISTRACAO REGIONAL SENAC/PR	SERVICO NACIONAL DE APRENDIZAGEM COMERCIAL	PENDENTE	4132194700
\.


--
-- Data for Name: usuarios; Type: TABLE DATA; Schema: public; Owner: postgres
--

COPY public.usuarios (id_usuario, ativo, data_criacao, email_usuario, nome_usuario, perfil_usuario, senha_usuario, trocar_senha, id_restaurante) FROM stdin;
2	t	\N	rp@gmail.com	adm rp	ADMIN	$2a$12$HBv7.9CZ/tbOTgqubXrg8eoKm0dM2w/y6aTVaJcelkk5DoETdsvfu	f	1
3	t	2026-02-27 14:37:54.35557	garcom@gmail.com	Garçom	GARCOM	$2a$12$HBv7.9CZ/tbOTgqubXrg8eoKm0dM2w/y6aTVaJcelkk5DoETdsvfu	f	1
4	t	2026-02-27 14:53:32.076204	cozinha@gmail.com	Cozinha	COZINHA	$2a$12$HBv7.9CZ/tbOTgqubXrg8eoKm0dM2w/y6aTVaJcelkk5DoETdsvfu	f	1
5	t	\N	meson@gmail.com	Adm Meson	ADMIN_GERAL	$2a$12$DWFcIJGGCzrErs0OaBI0uOLy0voHGzm4J0bQ5xrJt9zARDbXjFeKG	f	2
7	t	2026-02-27 17:01:10.29697	senac@gmail.com	adm Senac	ADMIN	$2a$10$yqBpa.NsWRLJCSpWaVLg8uDAiOV4k4DbRtxAGMa2ID2bGkaA9z.8y	f	5
\.


--
-- Name: categoria_produto_id_categoria_seq; Type: SEQUENCE SET; Schema: public; Owner: postgres
--

SELECT pg_catalog.setval('public.categoria_produto_id_categoria_seq', 3, true);


--
-- Name: comandas_id_comanda_seq; Type: SEQUENCE SET; Schema: public; Owner: postgres
--

SELECT pg_catalog.setval('public.comandas_id_comanda_seq', 2, true);


--
-- Name: itens_pedido_id_item_pedido_seq; Type: SEQUENCE SET; Schema: public; Owner: postgres
--

SELECT pg_catalog.setval('public.itens_pedido_id_item_pedido_seq', 4, true);


--
-- Name: mesas_id_mesa_seq; Type: SEQUENCE SET; Schema: public; Owner: postgres
--

SELECT pg_catalog.setval('public.mesas_id_mesa_seq', 5, true);


--
-- Name: pedidos_id_pedido_seq; Type: SEQUENCE SET; Schema: public; Owner: postgres
--

SELECT pg_catalog.setval('public.pedidos_id_pedido_seq', 3, true);


--
-- Name: produtos_id_produto_seq; Type: SEQUENCE SET; Schema: public; Owner: postgres
--

SELECT pg_catalog.setval('public.produtos_id_produto_seq', 2, true);


--
-- Name: restaurante_id_restaurante_seq; Type: SEQUENCE SET; Schema: public; Owner: postgres
--

SELECT pg_catalog.setval('public.restaurante_id_restaurante_seq', 5, true);


--
-- Name: usuarios_id_usuario_seq; Type: SEQUENCE SET; Schema: public; Owner: postgres
--

SELECT pg_catalog.setval('public.usuarios_id_usuario_seq', 7, true);


--
-- Name: categoria_produto categoria_produto_pkey; Type: CONSTRAINT; Schema: public; Owner: postgres
--

ALTER TABLE ONLY public.categoria_produto
    ADD CONSTRAINT categoria_produto_pkey PRIMARY KEY (id_categoria);


--
-- Name: comandas comandas_pkey; Type: CONSTRAINT; Schema: public; Owner: postgres
--

ALTER TABLE ONLY public.comandas
    ADD CONSTRAINT comandas_pkey PRIMARY KEY (id_comanda);


--
-- Name: itens_pedido itens_pedido_pkey; Type: CONSTRAINT; Schema: public; Owner: postgres
--

ALTER TABLE ONLY public.itens_pedido
    ADD CONSTRAINT itens_pedido_pkey PRIMARY KEY (id_item_pedido);


--
-- Name: mesas mesas_pkey; Type: CONSTRAINT; Schema: public; Owner: postgres
--

ALTER TABLE ONLY public.mesas
    ADD CONSTRAINT mesas_pkey PRIMARY KEY (id_mesa);


--
-- Name: pedidos pedidos_pkey; Type: CONSTRAINT; Schema: public; Owner: postgres
--

ALTER TABLE ONLY public.pedidos
    ADD CONSTRAINT pedidos_pkey PRIMARY KEY (id_pedido);


--
-- Name: produtos produtos_pkey; Type: CONSTRAINT; Schema: public; Owner: postgres
--

ALTER TABLE ONLY public.produtos
    ADD CONSTRAINT produtos_pkey PRIMARY KEY (id_produto);


--
-- Name: restaurante restaurante_pkey; Type: CONSTRAINT; Schema: public; Owner: postgres
--

ALTER TABLE ONLY public.restaurante
    ADD CONSTRAINT restaurante_pkey PRIMARY KEY (id_restaurante);


--
-- Name: restaurante uk6541lrwirgrv2uykx87fc4saa; Type: CONSTRAINT; Schema: public; Owner: postgres
--

ALTER TABLE ONLY public.restaurante
    ADD CONSTRAINT uk6541lrwirgrv2uykx87fc4saa UNIQUE (cnpj);


--
-- Name: categoria_produto uk_categria_restaurante_nome; Type: CONSTRAINT; Schema: public; Owner: postgres
--

ALTER TABLE ONLY public.categoria_produto
    ADD CONSTRAINT uk_categria_restaurante_nome UNIQUE (id_restaurante, nome_categoria);


--
-- Name: mesas uk_mesas_restaurante_numero; Type: CONSTRAINT; Schema: public; Owner: postgres
--

ALTER TABLE ONLY public.mesas
    ADD CONSTRAINT uk_mesas_restaurante_numero UNIQUE (id_restaurante, numero_mesa);


--
-- Name: produtos uk_produto_restaurante_nome; Type: CONSTRAINT; Schema: public; Owner: postgres
--

ALTER TABLE ONLY public.produtos
    ADD CONSTRAINT uk_produto_restaurante_nome UNIQUE (id_restaurante, nome_produto);


--
-- Name: usuarios ukbdp41y8e8un0nsxowhgsl783s; Type: CONSTRAINT; Schema: public; Owner: postgres
--

ALTER TABLE ONLY public.usuarios
    ADD CONSTRAINT ukbdp41y8e8un0nsxowhgsl783s UNIQUE (email_usuario);


--
-- Name: usuarios usuarios_pkey; Type: CONSTRAINT; Schema: public; Owner: postgres
--

ALTER TABLE ONLY public.usuarios
    ADD CONSTRAINT usuarios_pkey PRIMARY KEY (id_usuario);


--
-- Name: itens_pedido fk42mycompce3b7yt3l6ukdwsxy; Type: FK CONSTRAINT; Schema: public; Owner: postgres
--

ALTER TABLE ONLY public.itens_pedido
    ADD CONSTRAINT fk42mycompce3b7yt3l6ukdwsxy FOREIGN KEY (pedido_id) REFERENCES public.pedidos(id_pedido);


--
-- Name: pedidos fk4a0lfwlpmytywxpwjfa1a3ar2; Type: FK CONSTRAINT; Schema: public; Owner: postgres
--

ALTER TABLE ONLY public.pedidos
    ADD CONSTRAINT fk4a0lfwlpmytywxpwjfa1a3ar2 FOREIGN KEY (id_usuario) REFERENCES public.usuarios(id_usuario);


--
-- Name: comandas fk81tcu9s82rl5embt43pocov30; Type: FK CONSTRAINT; Schema: public; Owner: postgres
--

ALTER TABLE ONLY public.comandas
    ADD CONSTRAINT fk81tcu9s82rl5embt43pocov30 FOREIGN KEY (id_restaurante) REFERENCES public.restaurante(id_restaurante);


--
-- Name: pedidos fkcceuxo7bdug0l5shga792wfwf; Type: FK CONSTRAINT; Schema: public; Owner: postgres
--

ALTER TABLE ONLY public.pedidos
    ADD CONSTRAINT fkcceuxo7bdug0l5shga792wfwf FOREIGN KEY (id_comanda) REFERENCES public.comandas(id_comanda);


--
-- Name: produtos fke570so7btdpnksf5j4h1t57e9; Type: FK CONSTRAINT; Schema: public; Owner: postgres
--

ALTER TABLE ONLY public.produtos
    ADD CONSTRAINT fke570so7btdpnksf5j4h1t57e9 FOREIGN KEY (id_categoria) REFERENCES public.categoria_produto(id_categoria);


--
-- Name: comandas fkfb1bdspwt6946diqct0sq7dq; Type: FK CONSTRAINT; Schema: public; Owner: postgres
--

ALTER TABLE ONLY public.comandas
    ADD CONSTRAINT fkfb1bdspwt6946diqct0sq7dq FOREIGN KEY (id_mesa) REFERENCES public.mesas(id_mesa);


--
-- Name: pedidos fkh6uenlhg4m878v2dnsg55f0jx; Type: FK CONSTRAINT; Schema: public; Owner: postgres
--

ALTER TABLE ONLY public.pedidos
    ADD CONSTRAINT fkh6uenlhg4m878v2dnsg55f0jx FOREIGN KEY (id_restaurante) REFERENCES public.restaurante(id_restaurante);


--
-- Name: mesas fkkr0o6ieds12sis42d7rybv3xf; Type: FK CONSTRAINT; Schema: public; Owner: postgres
--

ALTER TABLE ONLY public.mesas
    ADD CONSTRAINT fkkr0o6ieds12sis42d7rybv3xf FOREIGN KEY (id_restaurante) REFERENCES public.restaurante(id_restaurante);


--
-- Name: categoria_produto fknpnnxdwc25yl71ts324r2s6tr; Type: FK CONSTRAINT; Schema: public; Owner: postgres
--

ALTER TABLE ONLY public.categoria_produto
    ADD CONSTRAINT fknpnnxdwc25yl71ts324r2s6tr FOREIGN KEY (id_restaurante) REFERENCES public.restaurante(id_restaurante);


--
-- Name: usuarios fkqyl9efnyfr70kolo99le7sdqk; Type: FK CONSTRAINT; Schema: public; Owner: postgres
--

ALTER TABLE ONLY public.usuarios
    ADD CONSTRAINT fkqyl9efnyfr70kolo99le7sdqk FOREIGN KEY (id_restaurante) REFERENCES public.restaurante(id_restaurante);


--
-- Name: produtos fkrjjoexycg8yhpkfhyopdiu89q; Type: FK CONSTRAINT; Schema: public; Owner: postgres
--

ALTER TABLE ONLY public.produtos
    ADD CONSTRAINT fkrjjoexycg8yhpkfhyopdiu89q FOREIGN KEY (id_restaurante) REFERENCES public.restaurante(id_restaurante);


--
-- Name: itens_pedido fkxytdlekpdaobqphujy9bmuhl; Type: FK CONSTRAINT; Schema: public; Owner: postgres
--

ALTER TABLE ONLY public.itens_pedido
    ADD CONSTRAINT fkxytdlekpdaobqphujy9bmuhl FOREIGN KEY (produto_id) REFERENCES public.produtos(id_produto);


--
-- PostgreSQL database dump complete
--

\unrestrict dflnzApEoCHbzEoO6V4z0IoOw3TxFMRPOAykMIz2dya9Dwf2vUQam1fNCIRGwpR

